{
	"sources" : 
	[
		{
			"file" : "D:/Data/Develop/Work/C++/WebView/WebViewTemplate/build/_deps/webview-subbuild/CMakeFiles/webview-populate"
		},
		{
			"file" : "D:/Data/Develop/Work/C++/WebView/WebViewTemplate/build/_deps/webview-subbuild/CMakeFiles/6acf4c5304299200ad529146f6b501cd/webview-populate.rule"
		},
		{
			"file" : "D:/Data/Develop/Work/C++/WebView/WebViewTemplate/build/_deps/webview-subbuild/CMakeFiles/27abdb1b3d447b4bb2acd253bd6d867c/webview-populate-complete.rule"
		},
		{
			"file" : "D:/Data/Develop/Work/C++/WebView/WebViewTemplate/build/_deps/webview-subbuild/CMakeFiles/5a4d8a4dab3e172354271e43cfe9b1d1/webview-populate-build.rule"
		},
		{
			"file" : "D:/Data/Develop/Work/C++/WebView/WebViewTemplate/build/_deps/webview-subbuild/CMakeFiles/5a4d8a4dab3e172354271e43cfe9b1d1/webview-populate-configure.rule"
		},
		{
			"file" : "D:/Data/Develop/Work/C++/WebView/WebViewTemplate/build/_deps/webview-subbuild/CMakeFiles/5a4d8a4dab3e172354271e43cfe9b1d1/webview-populate-download.rule"
		},
		{
			"file" : "D:/Data/Develop/Work/C++/WebView/WebViewTemplate/build/_deps/webview-subbuild/CMakeFiles/5a4d8a4dab3e172354271e43cfe9b1d1/webview-populate-install.rule"
		},
		{
			"file" : "D:/Data/Develop/Work/C++/WebView/WebViewTemplate/build/_deps/webview-subbuild/CMakeFiles/5a4d8a4dab3e172354271e43cfe9b1d1/webview-populate-mkdir.rule"
		},
		{
			"file" : "D:/Data/Develop/Work/C++/WebView/WebViewTemplate/build/_deps/webview-subbuild/CMakeFiles/5a4d8a4dab3e172354271e43cfe9b1d1/webview-populate-patch.rule"
		},
		{
			"file" : "D:/Data/Develop/Work/C++/WebView/WebViewTemplate/build/_deps/webview-subbuild/CMakeFiles/5a4d8a4dab3e172354271e43cfe9b1d1/webview-populate-test.rule"
		},
		{
			"file" : "D:/Data/Develop/Work/C++/WebView/WebViewTemplate/build/_deps/webview-subbuild/CMakeFiles/5a4d8a4dab3e172354271e43cfe9b1d1/webview-populate-update.rule"
		}
	],
	"target" : 
	{
		"labels" : 
		[
			"webview-populate"
		],
		"name" : "webview-populate"
	}
}