id,job-type,os,image,arch,cxx-std,toolchain,toolchain-executable-suffix,generator,pr-only,checks,strict-clang-tidy,docs,package,package-source,shell,msvc-mt,msys,msys-pacboy,apt,gcov,osx-deployment-target,test-wrapper-cmd,webkitgtk-api,job-name-suffix,comments
1,package,linux,ubuntu-22.04,host,11,gnu,-12,Ninja Multi-Config,FALSE,FALSE,TRUE,TRUE,FALSE,TRUE,bash,,,,gcc-12 g++-12,,,xvfb-run,6.0,", webkitgtk6.0",
2,package,linux,ubuntu-22.04,host,14,gnu,-12,Ninja Multi-Config,TRUE,FALSE,TRUE,FALSE,FALSE,FALSE,bash,,,,gcc-12 g++-12,,,xvfb-run,6.0,", webkitgtk6.0",
3,package,linux,ubuntu-22.04,host,17,gnu,-12,Ninja Multi-Config,TRUE,FALSE,TRUE,FALSE,FALSE,FALSE,bash,,,,gcc-12 g++-12,,,xvfb-run,6.0,", webkitgtk6.0",
4,package,linux,ubuntu-22.04,host,20,gnu,-12,Ninja Multi-Config,TRUE,FALSE,TRUE,FALSE,FALSE,FALSE,bash,,,,gcc-12 g++-12,,,xvfb-run,6.0,", webkitgtk6.0",
5,package,linux,ubuntu-22.04,host,11,gnu,-12,Ninja Multi-Config,FALSE,FALSE,TRUE,FALSE,FALSE,FALSE,bash,,,,gcc-12 g++-12,,,xvfb-run,4.1,", webkitgtk4.1",
6,package,linux,ubuntu-22.04,host,14,gnu,-12,Ninja Multi-Config,TRUE,FALSE,TRUE,FALSE,FALSE,FALSE,bash,,,,gcc-12 g++-12,,,xvfb-run,4.1,", webkitgtk4.1",
7,package,linux,ubuntu-22.04,host,17,gnu,-12,Ninja Multi-Config,TRUE,FALSE,TRUE,FALSE,FALSE,FALSE,bash,,,,gcc-12 g++-12,,,xvfb-run,4.1,", webkitgtk4.1",
8,package,linux,ubuntu-22.04,host,20,gnu,-12,Ninja Multi-Config,TRUE,FALSE,TRUE,FALSE,FALSE,FALSE,bash,,,,gcc-12 g++-12,,,xvfb-run,4.1,", webkitgtk4.1",
9,package,linux,ubuntu-22.04,host,11,gnu,-12,Ninja Multi-Config,FALSE,FALSE,TRUE,FALSE,FALSE,FALSE,bash,,,,gcc-12 g++-12,,,xvfb-run,4.0,", webkitgtk4.0",
10,package,linux,ubuntu-22.04,host,14,gnu,-12,Ninja Multi-Config,TRUE,FALSE,TRUE,FALSE,FALSE,FALSE,bash,,,,gcc-12 g++-12,,,xvfb-run,4.0,", webkitgtk4.0",
11,package,linux,ubuntu-22.04,host,17,gnu,-12,Ninja Multi-Config,TRUE,FALSE,TRUE,FALSE,FALSE,FALSE,bash,,,,gcc-12 g++-12,,,xvfb-run,4.0,", webkitgtk4.0",
12,package,linux,ubuntu-22.04,host,20,gnu,-12,Ninja Multi-Config,TRUE,FALSE,TRUE,FALSE,FALSE,FALSE,bash,,,,gcc-12 g++-12,,,xvfb-run,4.0,", webkitgtk4.0",
13,package,linux,ubuntu-22.04,host,11,llvm,-15,Ninja Multi-Config,FALSE,TRUE,TRUE,FALSE,FALSE,FALSE,bash,,,,clang-15 clang++-15 clang-tidy-15,,,xvfb-run,6.0,", webkitgtk6.0",
14,package,linux,ubuntu-22.04,host,14,llvm,-15,Ninja Multi-Config,TRUE,TRUE,TRUE,FALSE,FALSE,FALSE,bash,,,,clang-15 clang++-15 clang-tidy-15,,,xvfb-run,6.0,", webkitgtk6.0",
15,package,linux,ubuntu-22.04,host,17,llvm,-15,Ninja Multi-Config,TRUE,TRUE,TRUE,FALSE,FALSE,FALSE,bash,,,,clang-15 clang++-15 clang-tidy-15,,,xvfb-run,6.0,", webkitgtk6.0",
16,package,linux,ubuntu-22.04,host,20,llvm,-15,Ninja Multi-Config,TRUE,TRUE,TRUE,FALSE,FALSE,FALSE,bash,,,,clang-15 clang++-15 clang-tidy-15,,,xvfb-run,6.0,", webkitgtk6.0",
17,package,linux,ubuntu-22.04,host,11,llvm,-15,Ninja Multi-Config,FALSE,TRUE,TRUE,FALSE,FALSE,FALSE,bash,,,,clang-15 clang++-15 clang-tidy-15,,,xvfb-run,4.1,", webkitgtk4.1",
18,package,linux,ubuntu-22.04,host,14,llvm,-15,Ninja Multi-Config,TRUE,TRUE,TRUE,FALSE,FALSE,FALSE,bash,,,,clang-15 clang++-15 clang-tidy-15,,,xvfb-run,4.1,", webkitgtk4.1",
19,package,linux,ubuntu-22.04,host,17,llvm,-15,Ninja Multi-Config,TRUE,TRUE,TRUE,FALSE,FALSE,FALSE,bash,,,,clang-15 clang++-15 clang-tidy-15,,,xvfb-run,4.1,", webkitgtk4.1",
20,package,linux,ubuntu-22.04,host,20,llvm,-15,Ninja Multi-Config,TRUE,TRUE,TRUE,FALSE,FALSE,FALSE,bash,,,,clang-15 clang++-15 clang-tidy-15,,,xvfb-run,4.1,", webkitgtk4.1",
21,package,linux,ubuntu-22.04,host,11,llvm,-15,Ninja Multi-Config,FALSE,TRUE,TRUE,FALSE,FALSE,FALSE,bash,,,,clang-15 clang++-15 clang-tidy-15,,,xvfb-run,4.0,", webkitgtk4.0",
22,package,linux,ubuntu-22.04,host,14,llvm,-15,Ninja Multi-Config,TRUE,TRUE,TRUE,FALSE,FALSE,FALSE,bash,,,,clang-15 clang++-15 clang-tidy-15,,,xvfb-run,4.0,", webkitgtk4.0",
23,package,linux,ubuntu-22.04,host,17,llvm,-15,Ninja Multi-Config,TRUE,TRUE,TRUE,FALSE,FALSE,FALSE,bash,,,,clang-15 clang++-15 clang-tidy-15,,,xvfb-run,4.0,", webkitgtk4.0",
24,package,linux,ubuntu-22.04,host,20,llvm,-15,Ninja Multi-Config,TRUE,TRUE,TRUE,FALSE,FALSE,FALSE,bash,,,,clang-15 clang++-15 clang-tidy-15,,,xvfb-run,4.0,", webkitgtk4.0",
25,package,linux,ubuntu-20.04,host,11,gnu,-10,Ninja Multi-Config,TRUE,FALSE,TRUE,FALSE,FALSE,FALSE,bash,,,,gcc-10 g++-10,,,xvfb-run,4.0,", webkitgtk4.0",
26,package,linux,ubuntu-20.04,host,11,llvm,-12,Ninja Multi-Config,TRUE,FALSE,TRUE,FALSE,FALSE,FALSE,bash,,,,clang-12 clang++-12 clang-tidy-12,,,xvfb-run,4.0,", webkitgtk4.0",
27,package,macos,macos-14,universal,11,macos-llvm,,Xcode,FALSE,FALSE,TRUE,FALSE,TRUE,FALSE,bash,,,,,,10.9,,,,
28,package,macos,macos-14,universal,14,macos-llvm,,Xcode,TRUE,FALSE,TRUE,FALSE,FALSE,FALSE,bash,,,,,,10.9,,,,
29,package,macos,macos-14,universal,17,macos-llvm,,Xcode,TRUE,FALSE,TRUE,FALSE,FALSE,FALSE,bash,,,,,,10.9,,,,
30,package,macos,macos-14,universal,20,macos-llvm,,Xcode,TRUE,FALSE,TRUE,FALSE,FALSE,FALSE,bash,,,,,,10.9,,,,
31,package,windows,ubuntu-22.04,x86_64,11,w64-mingw32,-posix,Ninja Multi-Config,FALSE,FALSE,TRUE,FALSE,FALSE,FALSE,bash,,,,mingw-w64,,,,,,
32,package,windows,ubuntu-22.04,x86_64,14,w64-mingw32,-posix,Ninja Multi-Config,TRUE,FALSE,TRUE,FALSE,FALSE,FALSE,bash,,,,mingw-w64,,,,,,
33,package,windows,ubuntu-22.04,x86_64,17,w64-mingw32,-posix,Ninja Multi-Config,TRUE,FALSE,TRUE,FALSE,FALSE,FALSE,bash,,,,mingw-w64,,,,,,
34,package,windows,ubuntu-22.04,x86_64,20,w64-mingw32,-posix,Ninja Multi-Config,TRUE,FALSE,TRUE,FALSE,FALSE,FALSE,bash,,,,mingw-w64,,,,,,
35,package,windows,ubuntu-22.04,i686,11,w64-mingw32,-posix,Ninja Multi-Config,TRUE,FALSE,TRUE,FALSE,FALSE,FALSE,bash,,,,mingw-w64,,,,,,
36,package,windows,windows-2022,arm64,14,windows-msvc,,Visual Studio 17 2022,FALSE,FALSE,TRUE,FALSE,TRUE,FALSE,bash,TRUE,,,,,,,,", mt",
37,package,windows,windows-2022,x86_64,14,windows-msvc,,Visual Studio 17 2022,FALSE,FALSE,TRUE,FALSE,TRUE,FALSE,bash,TRUE,,,,,,,,", mt",
38,package,windows,windows-2022,i686,14,windows-msvc,,Visual Studio 17 2022,FALSE,FALSE,TRUE,FALSE,TRUE,FALSE,bash,TRUE,,,,,,,,", mt",
39,package,windows,windows-2022,arm64,14,windows-msvc,,Visual Studio 17 2022,FALSE,FALSE,TRUE,FALSE,TRUE,FALSE,bash,FALSE,,,,,,,,", md",
40,package,windows,windows-2022,x86_64,14,windows-msvc,,Visual Studio 17 2022,FALSE,FALSE,TRUE,FALSE,TRUE,FALSE,bash,FALSE,,,,,,,,", md",
41,package,windows,windows-2022,x86_64,17,windows-msvc,,Visual Studio 17 2022,TRUE,FALSE,TRUE,FALSE,FALSE,FALSE,bash,FALSE,,,,,,,,", md",
42,package,windows,windows-2022,x86_64,20,windows-msvc,,Visual Studio 17 2022,TRUE,FALSE,TRUE,FALSE,FALSE,FALSE,bash,FALSE,,,,,,,,", md",
43,package,windows,windows-2022,i686,14,windows-msvc,,Visual Studio 17 2022,FALSE,FALSE,TRUE,FALSE,TRUE,FALSE,bash,FALSE,,,,,,,,", md",
44,package,windows,windows-2022,x86_64,11,msys2-gnu-ucrt64,,Ninja Multi-Config,FALSE,FALSE,TRUE,FALSE,FALSE,FALSE,msys2 {0},,UCRT64,,,,,,,", UCRT64",
45,package,windows,windows-2022,x86_64,11,msys2-llvm-clang64,,Ninja Multi-Config,FALSE,TRUE,FALSE,FALSE,FALSE,FALSE,msys2 {0},,CLANG64,clang-tools-extra:p,,,,,,", CLANG64",Please enable strict clang-tidy when issues have been fixed.
46,package,windows,windows-2022,x86_64,14,msys2-llvm-clang64,,Ninja Multi-Config,TRUE,TRUE,FALSE,FALSE,FALSE,FALSE,msys2 {0},,CLANG64,clang-tools-extra:p,,,,,,", CLANG64",Please enable strict clang-tidy when issues have been fixed.
47,package,windows,windows-2022,x86_64,17,msys2-llvm-clang64,,Ninja Multi-Config,TRUE,TRUE,FALSE,FALSE,FALSE,FALSE,msys2 {0},,CLANG64,clang-tools-extra:p,,,,,,", CLANG64",Please enable strict clang-tidy when issues have been fixed.
48,package,windows,windows-2022,x86_64,20,msys2-llvm-clang64,,Ninja Multi-Config,TRUE,TRUE,FALSE,FALSE,FALSE,FALSE,msys2 {0},,CLANG64,clang-tools-extra:p,,,,,,", CLANG64",Please enable strict clang-tidy when issues have been fixed.
49,coverage,linux,ubuntu-22.04,host,11,llvm,,Ninja Multi-Config,FALSE,FALSE,TRUE,FALSE,FALSE,FALSE,bash,,,,clang-15 clang++-15 clang-tidy-15,llvm-cov-15 gcov,,xvfb-run,6.0,", webkitgtk6.0",
50,coverage,linux,ubuntu-22.04,host,11,llvm,,Ninja Multi-Config,FALSE,FALSE,TRUE,FALSE,FALSE,FALSE,bash,,,,clang-15 clang++-15 clang-tidy-15,llvm-cov-15 gcov,,xvfb-run,4.1,", webkitgtk4.1",
51,coverage,linux,ubuntu-22.04,host,11,llvm,-15,Ninja Multi-Config,FALSE,FALSE,TRUE,FALSE,FALSE,FALSE,bash,,,,clang-15 clang++-15 clang-tidy-15,llvm-cov-15 gcov,,xvfb-run,4.0,", webkitgtk4.0",
52,coverage,macos,macos-14,universal,11,macos-llvm,-15,Xcode,FALSE,FALSE,TRUE,FALSE,FALSE,FALSE,bash,,,,,xcrun llvm-cov gcov,,,,,
53,coverage,windows,windows-2022,x86_64,11,msys2-llvm-clang64,,Ninja Multi-Config,FALSE,FALSE,TRUE,FALSE,FALSE,FALSE,msys2 {0},,CLANG64,,,llvm-cov gcov,,,,", CLANG64",
