{
    "apt": "string",
    "arch": "string",
    "checks": "boolean",
    "comments": "string",
    "cxx-std": "number",
    "docs": "boolean",
    "gcov": "string",
    "generator": "string",
    "id": "number",
    "image": "string",
    "job-name-suffix": "string",
    "job-type": "string",
    "msvc-mt": "boolean",
    "msys": "string",
    "msys-pacboy": "string",
    "os": "string",
    "osx-deployment-target": "string",
    "package": "boolean",
    "package-source": "boolean",
    "pr-only": "boolean",
    "shell": "string",
    "strict-clang-tidy": "boolean",
    "test-wrapper-cmd": "string",
    "toolchain": "string",
    "toolchain-executable-suffix": "string",
    "webkitgtk-api": "string"
}
